{"episode_rewards": [9.0, 8.0, 9.0, 10.0, 9.0, 9.0, 8.0, 9.0, 9.0, 10.0, 9.0, 9.0, 9.0, 10.0, 10.0], "mean": 9.133333333333333, "std": 0.618241233033047}