{"episode_rewards": [129.0, 170.0, 140.0, 126.0, 135.0, 138.0, 143.0, 183.0, 140.0, 130.0, 141.0, 130.0, 182.0, 134.0, 134.0], "mean": 143.66666666666666, "std": 18.14631887984141}