{"episode_rewards": [142.0, 144.0, 137.0, 130.0, 127.0, 128.0, 139.0, 131.0, 126.0, 139.0, 136.0, 139.0, 129.0, 145.0, 144.0], "mean": 135.73333333333332, "std": 6.4649482252803505}