{"episode_rewards": [280.0, 181.0, 212.0, 189.0, 204.0, 216.0, 203.0, 178.0, 224.0, 187.0, 255.0, 186.0, 205.0, 189.0, 186.0], "mean": 206.33333333333334, "std": 27.685535734185983}