{"episode_rewards": [8.0, 10.0, 9.0, 9.0, 10.0, 10.0, 10.0, 8.0, 8.0, 10.0, 9.0, 9.0, 9.0, 9.0, 9.0, 9.0, 9.0, 10.0, 9.0, 10.0, 9.0, 10.0, 9.0, 10.0, 10.0, 10.0, 9.0, 10.0, 8.0, 10.0, 10.0, 9.0, 10.0, 9.0, 8.0, 9.0, 9.0, 9.0, 9.0, 9.0, 8.0, 10.0, 10.0, 8.0, 9.0, 10.0, 10.0, 10.0, 9.0, 9.0, 10.0, 9.0, 9.0, 8.0, 9.0, 10.0, 10.0, 10.0, 10.0, 9.0, 10.0, 11.0, 9.0, 8.0, 9.0, 9.0, 9.0, 9.0, 10.0, 11.0, 9.0, 9.0, 10.0, 8.0, 9.0, 10.0, 8.0, 9.0, 10.0, 10.0, 9.0, 9.0, 9.0, 9.0, 8.0, 10.0, 10.0, 10.0, 10.0, 9.0, 9.0, 9.0, 9.0, 10.0, 8.0, 10.0, 10.0, 9.0, 8.0, 9.0, 8.0, 10.0, 9.0, 10.0, 9.0, 9.0, 10.0, 9.0, 10.0, 10.0, 8.0, 9.0, 10.0, 9.0, 9.0, 9.0, 10.0, 10.0, 9.0, 9.0, 9.0, 10.0, 9.0, 8.0, 9.0, 9.0, 10.0, 10.0, 8.0, 9.0, 9.0, 9.0, 9.0, 10.0, 9.0, 10.0, 10.0, 8.0, 10.0, 8.0, 9.0, 10.0, 10.0, 9.0, 9.0, 9.0, 10.0, 10.0, 10.0, 10.0], "mean": 9.286666666666667, "std": 0.7055651792869473}