{"episode_rewards": [235.0, 220.0, 137.0, 217.0, 144.0, 201.0, 123.0, 128.0, 125.0, 119.0, 131.0, 135.0, 217.0, 138.0, 220.0, 131.0, 132.0, 123.0, 226.0, 120.0, 125.0, 136.0, 131.0, 231.0, 208.0, 129.0, 209.0, 115.0, 129.0, 262.0, 229.0, 123.0, 128.0, 138.0, 134.0, 217.0, 226.0, 126.0, 219.0, 129.0, 208.0, 132.0, 122.0, 123.0, 147.0, 227.0, 216.0, 201.0, 134.0, 121.0, 114.0, 127.0, 217.0, 257.0, 228.0, 222.0, 124.0, 138.0, 129.0, 140.0, 216.0, 147.0, 235.0, 123.0, 133.0, 236.0, 123.0, 122.0, 222.0, 221.0, 128.0, 130.0, 244.0, 119.0, 134.0, 236.0, 113.0, 226.0, 210.0, 138.0, 209.0, 262.0, 130.0, 116.0, 142.0, 242.0, 125.0, 125.0, 125.0, 216.0, 116.0, 212.0, 209.0, 219.0, 233.0, 119.0, 219.0, 228.0, 132.0, 139.0, 125.0, 141.0, 132.0, 205.0, 237.0, 256.0, 218.0, 129.0, 126.0, 129.0, 124.0, 200.0, 215.0, 113.0, 236.0, 261.0, 123.0, 217.0, 125.0, 226.0, 129.0, 130.0, 218.0, 117.0, 224.0, 204.0, 126.0, 132.0, 233.0, 186.0, 271.0, 229.0, 126.0, 143.0, 132.0, 221.0, 117.0, 495.0, 239.0, 220.0, 216.0, 214.0, 188.0, 208.0, 125.0, 122.0, 124.0, 216.0, 132.0, 125.0], "mean": 173.11333333333334, "std": 55.51198509231037}