{"episode_rewards": [8.0, 8.0, 9.0, 9.0, 10.0, 9.0, 10.0, 9.0, 10.0, 9.0, 9.0, 10.0, 9.0, 9.0, 9.0, 10.0, 9.0, 9.0, 9.0, 9.0, 10.0, 10.0, 9.0, 10.0, 10.0, 9.0, 8.0, 8.0, 10.0, 9.0, 10.0, 9.0, 8.0, 10.0, 9.0, 9.0, 9.0, 9.0, 10.0, 8.0, 10.0, 9.0, 8.0, 9.0, 9.0, 11.0, 8.0, 10.0, 9.0, 9.0, 10.0, 8.0, 8.0, 9.0, 9.0, 10.0, 10.0, 9.0, 9.0, 9.0, 8.0, 9.0, 8.0, 10.0, 10.0, 9.0, 10.0, 9.0, 9.0, 8.0, 10.0, 8.0, 10.0, 9.0, 9.0, 10.0, 9.0, 10.0, 10.0, 10.0, 9.0, 9.0, 10.0, 9.0, 11.0, 9.0, 9.0, 9.0, 9.0, 10.0, 10.0, 10.0, 10.0, 10.0, 10.0, 9.0, 10.0, 10.0, 10.0, 9.0, 10.0, 9.0, 10.0, 9.0, 9.0, 9.0, 9.0, 9.0, 9.0, 8.0, 10.0, 9.0, 9.0, 10.0, 10.0, 8.0, 8.0, 10.0, 10.0, 10.0, 10.0, 9.0, 10.0, 11.0, 10.0, 9.0, 9.0, 10.0, 8.0, 9.0, 10.0, 10.0, 10.0, 8.0, 10.0, 9.0, 9.0, 9.0, 9.0, 10.0, 9.0, 9.0, 9.0, 8.0, 10.0, 10.0, 10.0, 10.0, 9.0, 9.0], "mean": 9.293333333333333, "std": 0.7169069364677368}