{"episode_rewards": [164.0, 513.0, 342.0, 188.0, 202.0, 199.0, 274.0, 187.0, 265.0, 214.0, 277.0, 201.0, 250.0, 198.0, 301.0, 221.0, 251.0, 263.0, 233.0, 262.0, 208.0, 271.0, 280.0, 224.0, 216.0, 204.0, 224.0, 202.0, 158.0, 178.0, 231.0, 269.0, 229.0, 337.0, 267.0, 229.0, 233.0, 217.0, 202.0, 246.0, 258.0, 261.0, 204.0, 187.0, 252.0, 241.0, 300.0, 253.0, 280.0, 285.0, 370.0, 309.0, 320.0, 189.0, 424.0, 283.0, 373.0, 256.0, 347.0, 392.0, 380.0, 280.0, 287.0, 269.0, 250.0, 340.0, 289.0, 380.0, 460.0, 240.0, 255.0, 235.0, 351.0, 339.0, 1002.0, 472.0, 445.0, 302.0, 495.0, 369.0, 496.0, 343.0, 318.0, 997.0, 519.0, 479.0, 331.0, 773.0, 685.0, 438.0, 410.0, 311.0, 510.0, 326.0, 757.0, 759.0, 406.0, 307.0, 801.0, 332.0, 646.0, 241.0, 609.0, 289.0, 762.0, 266.0, 577.0, 230.0, 715.0, 558.0, 472.0, 940.0, 460.0, 813.0, 685.0, 901.0, 386.0, 489.0, 484.0, 944.0, 548.0, 251.0, 357.0, 351.0, 755.0, 753.0, 586.0, 478.0, 256.0, 399.0, 469.0, 354.0, 570.0, 596.0, 312.0, 424.0, 617.0, 387.0, 236.0, 488.0, 293.0, 423.0, 500.0, 311.0, 330.0, 424.0, 654.0, 562.0, 560.0, 542.0], "mean": 389.3666666666667, "std": 189.56337257556436}