{"episode_rewards": [303.0, 207.0, 202.0, 178.0, 169.0, 173.0, 188.0, 234.0, 202.0, 169.0, 260.0, 200.0, 173.0, 177.0, 174.0, 207.0, 216.0, 237.0, 173.0, 186.0, 183.0, 215.0, 255.0, 243.0, 241.0, 196.0, 208.0, 190.0, 159.0, 238.0, 257.0, 200.0, 181.0, 236.0, 261.0, 298.0, 176.0, 194.0, 209.0, 203.0, 259.0, 201.0, 180.0, 275.0, 462.0, 190.0, 246.0, 208.0, 169.0, 159.0, 203.0, 179.0, 183.0, 237.0, 199.0, 227.0, 304.0, 249.0, 197.0, 254.0, 259.0, 215.0, 162.0, 276.0, 230.0, 229.0, 201.0, 193.0, 220.0, 200.0, 167.0, 256.0, 226.0, 206.0, 197.0, 186.0, 251.0, 223.0, 392.0, 199.0, 196.0, 212.0, 345.0, 220.0, 223.0, 205.0, 203.0, 182.0, 209.0, 201.0, 177.0, 172.0, 172.0, 194.0, 257.0, 171.0, 236.0, 210.0, 214.0, 213.0, 244.0, 181.0, 237.0, 232.0, 250.0, 397.0, 203.0, 304.0, 169.0, 197.0, 236.0, 243.0, 264.0, 227.0, 156.0, 211.0, 160.0, 207.0, 176.0, 212.0, 203.0, 246.0, 210.0, 232.0, 207.0, 200.0, 216.0, 210.0, 169.0, 197.0, 220.0, 185.0, 239.0, 203.0, 220.0, 226.0, 268.0, 387.0, 160.0, 363.0, 301.0, 190.0, 203.0, 174.0, 195.0, 202.0, 259.0, 169.0, 289.0, 238.0], "mean": 219.59333333333333, "std": 48.74629512987514}