{"episode_rewards": [222.0, 236.0, 186.0, 205.0, 209.0, 188.0, 242.0, 191.0, 267.0, 233.0, 254.0, 243.0, 181.0, 183.0, 274.0], "mean": 220.93333333333334, "std": 30.514404613049372}