{"episode_rewards": [9.0, 8.0, 9.0, 9.0, 10.0, 11.0, 9.0, 9.0, 8.0, 8.0, 11.0, 8.0, 11.0, 10.0, 9.0, 9.0, 8.0, 9.0, 8.0, 9.0, 10.0, 10.0, 10.0, 10.0, 9.0, 10.0, 10.0, 10.0, 10.0, 9.0, 10.0, 10.0, 10.0, 9.0, 10.0, 9.0, 9.0, 10.0, 10.0, 8.0, 8.0, 8.0, 9.0, 9.0, 9.0, 10.0, 10.0, 10.0, 9.0, 10.0, 9.0, 9.0, 10.0, 9.0, 9.0, 10.0, 8.0, 10.0, 9.0, 8.0, 10.0, 9.0, 9.0, 10.0, 10.0, 11.0, 9.0, 8.0, 10.0, 8.0, 9.0, 9.0, 11.0, 8.0, 10.0, 9.0, 10.0, 9.0, 10.0, 10.0, 9.0, 9.0, 10.0, 9.0, 9.0, 9.0, 10.0, 8.0, 9.0, 9.0, 10.0, 9.0, 9.0, 9.0, 9.0, 10.0, 10.0, 10.0, 9.0, 11.0, 9.0, 10.0, 10.0, 10.0, 10.0, 9.0, 9.0, 9.0, 10.0, 9.0, 10.0, 8.0, 10.0, 9.0, 10.0, 8.0, 10.0, 8.0, 8.0, 10.0, 9.0, 9.0, 8.0, 9.0, 8.0, 9.0, 9.0, 10.0, 10.0, 9.0, 10.0, 9.0, 11.0, 10.0, 9.0, 10.0, 10.0, 9.0, 10.0, 10.0, 8.0, 10.0, 10.0, 10.0, 9.0, 9.0, 11.0, 11.0, 10.0, 10.0], "mean": 9.373333333333333, "std": 0.8045426582157648}