{"episode_rewards": [345.0, 165.0, 217.0, 283.0, 146.0, 240.0, 372.0, 409.0, 462.0, 165.0, 391.0, 365.0, 250.0, 296.0, 334.0, 328.0, 237.0, 331.0, 207.0, 409.0, 169.0, 242.0, 275.0, 248.0, 265.0, 246.0, 277.0, 254.0, 408.0, 423.0, 304.0, 237.0, 314.0, 167.0, 366.0, 252.0, 167.0, 269.0, 264.0, 276.0, 233.0, 253.0, 253.0, 344.0, 262.0, 233.0, 246.0, 188.0, 238.0, 233.0, 320.0, 301.0, 180.0, 235.0, 249.0, 160.0, 194.0, 236.0, 273.0, 252.0, 286.0, 362.0, 293.0, 222.0, 152.0, 306.0, 266.0, 226.0, 298.0, 235.0, 250.0, 319.0, 348.0, 378.0, 262.0, 329.0, 327.0, 248.0, 164.0, 259.0, 227.0, 200.0, 328.0, 333.0, 278.0, 252.0, 339.0, 281.0, 273.0, 367.0, 224.0, 347.0, 234.0, 393.0, 258.0, 199.0, 317.0, 274.0, 356.0, 339.0, 259.0, 241.0, 280.0, 212.0, 343.0, 277.0, 220.0, 240.0, 261.0, 234.0, 354.0, 247.0, 292.0, 286.0, 249.0, 229.0, 251.0, 240.0, 266.0, 398.0, 277.0, 663.0, 263.0, 297.0, 343.0, 339.0, 280.0, 229.0, 321.0, 315.0, 223.0, 405.0, 248.0, 317.0, 301.0, 323.0, 609.0, 232.0, 369.0, 353.0, 284.0, 225.0, 166.0, 323.0, 253.0, 179.0, 376.0, 342.0, 352.0, 342.0], "mean": 283.56666666666666, "std": 75.5910415033128}