{"episode_rewards": [904.0999999999821, 901.8999999999901, 916.8999999999841, 844.1622950819531, 605.7823529411613, 912.7999999999907, 901.3999999999844, 914.8999999999907, 904.2999999999898, 906.0999999999863, 876.4100671140758, 760.4341246290682, 893.1203389830354, 796.556534954395, 841.2680781758763], "mean": 858.6755861252975, "std": 81.26017587115216}