{"episode_rewards": [764.4418326693096, 684.4117845117684, 630.9344827586049, 381.6073170731608, 441.956074766344, 718.0818181818021, 889.108633093507, 657.2529411764556, 558.8403973509814, 622.7571428571308, 264.272469635621, 753.7205980066343, 552.5717557251814, 541.5382252559576, 601.1987012986892], "mean": 604.1796116240766, "std": 153.31085748678169}