{"episode_rewards": [906.7999999999835, 608.9301003344327, 511.38648648647506, 475.87173144875266, 594.2521594684254, 673.4191637630522, 619.8999999999882, 658.975907590747, 616.6235494880385, 903.7999999999886, 364.86815286622925, 703.4714285714128, 498.4401459853951, 815.0291512915047, 514.5179401993219], "mean": 631.0857278329165, "std": 149.37472727314096}