{"episode_rewards": [888.1812499999866, 684.2137254901811, 902.8999999999886, 888.7059701492367, 773.5842105262993, 772.1627737226129, 817.6215189873308, 843.5619718309692, 649.0166077738377, 505.5782334384707, 804.1904290428934, 363.8175257731836, 432.32320819111715, 902.4999999999822, 843.1624113475068], "mean": 738.1013224182396, "std": 169.93274480261496}