{"episode_rewards": [902.3999999999854, 832.375884244358, 907.3999999999847, 886.8281045751423, 883.4526315789313, 843.1624113475042, 909.9999999999818, 829.8363057324641, 903.8999999999805, 907.8999999999861, 858.662886597921, 904.4999999999868, 900.2999999999804, 892.8577464788551, 853.5423841059498], "mean": 881.1412236440675, "std": 28.302588643992017}