{"episode_rewards": [901.8999999999897, 883.1214765100498, 902.699999999984, 914.4999999999912, 900.0999999999905, 464.7148148148028, 892.4650557620669, 901.5999999999805, 880.4825242718283, 840.5249999999854, 896.3539007092063, 832.5923076922929, 901.9999999999892, 902.6999999999902, 913.0999999999834], "mean": 861.9236719840087, "std": 108.61235950539879}